{"proxies":{"de.marcbender.sortablegrid.ViewProxy":{"superPackageName":"org.appcelerator.titanium.proxy","methods":{"deleteItem":{"runOnUiThread":false,"hasInvocation":false,"args":[{"converter":"org.appcelerator.kroll.KrollConverter","defaultValueProvider":"org.appcelerator.kroll.KrollConverter","name":"id","sourceName":"id","type":"java.lang.String"}],"apiName":"deleteItem","converter":"org.appcelerator.kroll.KrollConverter","defaultValueProvider":"org.appcelerator.kroll.KrollConverter","name":"__default_name__","returnType":"void"}},"superProxyBindingClassName":"org.appcelerator.titanium.proxy.TiViewProxyBindingGen","proxyClassName":"ViewProxy","proxyAttrs":{"propertyAccessors":[],"fullAPIName":"TiSortablegrid.View","name":"View","proxyClassName":"de.marcbender.sortablegrid.ViewProxy","isTopLevel":false,"id":"de.marcbender.sortablegrid.ViewProxy","creatableInModule":"de.marcbender.sortablegrid.TiSortablegridModule","parentModule":"org.appcelerator.kroll.annotations.Kroll.DEFAULT"},"packageName":"de.marcbender.sortablegrid","sourceName":"de.marcbender.sortablegrid.ViewProxyBindingGen","isTitaniumSdk":false,"superProxyClassName":"TiViewProxy","isModule":false,"genClassName":"ViewProxyBindingGen"},"de.marcbender.sortablegrid.TiSortablegridModule":{"superPackageName":"org.appcelerator.kroll","methods":{"example":{"runOnUiThread":false,"hasInvocation":false,"args":[],"apiName":"example","converter":"org.appcelerator.kroll.KrollConverter","defaultValueProvider":"org.appcelerator.kroll.KrollConverter","name":"__default_name__","returnType":"java.lang.String"}},"dynamicProperties":{"exampleProp":{"set":true,"nativeConverter":"org.appcelerator.kroll.KrollConverter","getMethodName":"getExampleProp","setMethodName":"setExampleProp","setMethodArgs":[{"converter":"org.appcelerator.kroll.KrollConverter","defaultValueProvider":"org.appcelerator.kroll.KrollConverter","name":"value","sourceName":"value","type":"java.lang.String"}],"setDefaultProviders":["org.appcelerator.kroll.KrollConverter"],"converter":"org.appcelerator.kroll.KrollConverter","defaultValueProvider":"org.appcelerator.kroll.KrollConverter","retain":true,"javascriptConverter":"org.appcelerator.kroll.KrollConverter","getHasInvocation":false,"runOnUiThread":false,"getMethodArgs":[],"getReturnType":"java.lang.String","setReturnType":"void","get":true,"name":"exampleProp","setHasInvocation":false,"getDefaultProviders":[]}},"superProxyClassName":"KrollModule","isModule":true,"genClassName":"TiSortablegridModuleBindingGen","superProxyBindingClassName":"org.appcelerator.kroll.KrollModuleBindingGen","proxyClassName":"TiSortablegridModule","proxyAttrs":{"propertyAccessors":[],"fullAPIName":"TiSortablegrid","name":"TiSortablegrid","proxyClassName":"de.marcbender.sortablegrid.TiSortablegridModule","isTopLevel":false,"id":"de.marcbender.sortablegrid"},"packageName":"de.marcbender.sortablegrid","sourceName":"de.marcbender.sortablegrid.TiSortablegridModuleBindingGen","isTitaniumSdk":false,"onAppCreate":"onAppCreate"}},"modules":{"de.marcbender.sortablegrid.TiSortablegridModule":{"apiName":"TiSortablegrid","createProxies":[{"propertyAccessors":[],"fullAPIName":"TiSortablegrid.View","name":"View","proxyClassName":"de.marcbender.sortablegrid.ViewProxy","isTopLevel":false,"id":"de.marcbender.sortablegrid.ViewProxy","creatableInModule":"de.marcbender.sortablegrid.TiSortablegridModule","parentModule":"org.appcelerator.kroll.annotations.Kroll.DEFAULT"}]}}}